id,first_name,last_name,email,gender,ip_address
1,Kathie,Beddingham,kbeddingham0@wired.com,Female,132.31.225.55
2,Audrie,Radden,aradden1@studiopress.com,Female,6.113.221.93
3,Concordia,McLese,cmclese2@ucoz.ru,Female,89.197.196.228
4,Isidoro,Snowling,isnowling3@pen.io,Male,99.28.236.162
5,Jessalyn,Fesby,jfesby4@ebay.com,Female,146.78.242.153
6,Trixy,Covendon,tcovendon5@berkeley.edu,Female,7.172.16.26
7,Mace,Capron,mcapron6@jigsy.com,Male,114.79.24.161
8,Case,Robart,crobart7@webeden.co.uk,Male,145.214.167.42
9,Rufe,Buncombe,rbuncombe8@friendfeed.com,Male,1.11.217.176
10,Lazarus,Bail,lbail9@eepurl.com,Male,241.222.200.199
11,Rosalia,Bernon,rbernona@census.gov,Female,68.85.152.184
12,Ardyth,Bullent,abullentb@about.com,Female,151.216.79.49
13,Colver,Isherwood,cisherwoodc@opensource.org,Male,84.249.10.128
14,Pace,Misken,pmiskend@amazon.co.uk,Male,207.45.16.89
15,Thalia,Nacci,tnaccie@deliciousdays.com,Female,2.33.107.176
16,Tully,Dodell,tdodellf@mediafire.com,Male,209.92.61.133
17,Margaux,Hallwell,mhallwellg@last.fm,Female,20.156.82.124
18,Lotty,Vaughn,lvaughnh@bloomberg.com,Female,216.61.112.29
19,Benyamin,Ilyukhov,bilyukhovi@buzzfeed.com,Male,199.2.208.186
20,Libbie,Gland,lglandj@booking.com,Agender,26.77.10.182
21,Creighton,Ghest,cghestk@mapy.cz,Male,100.96.38.194
22,Rice,O'Shee,rosheel@people.com.cn,Male,226.55.187.32
23,Elonore,Fisbey,efisbeym@ebay.com,Female,111.173.187.191
24,Lizette,Koppens,lkoppensn@xrea.com,Female,179.67.90.67
25,Reider,Wanden,rwandeno@tamu.edu,Male,45.109.152.219
26,Alikee,Heinig,aheinigp@quantcast.com,Female,207.130.154.101
27,Faustina,Wookey,fwookeyq@google.nl,Female,17.192.248.46
28,Mag,Tuft,mtuftr@marketwatch.com,Female,36.39.29.162
29,Bald,Gowing,bgowings@dot.gov,Male,224.211.119.27
30,Rad,Berrow,rberrowt@baidu.com,Male,53.49.118.40
31,Dominic,Kalker,dkalkeru@census.gov,Male,200.93.168.216
32,Bendix,MacRory,bmacroryv@nih.gov,Male,175.16.119.173
33,Emmalynn,Morsley,emorsleyw@naver.com,Female,219.99.158.208
34,Nancie,Delort,ndelortx@wisc.edu,Female,166.186.215.199
35,Nico,Hartzogs,nhartzogsy@taobao.com,Male,125.104.83.126
36,Kristyn,Dansie,kdansiez@is.gd,Female,8.178.17.149
37,Kaylil,Oaten,koaten10@yellowpages.com,Polygender,216.175.143.9
38,Pier,Shilliday,pshilliday11@hostgator.com,Female,195.150.93.77
39,Phylys,Dewen,pdewen12@ow.ly,Genderqueer,238.246.95.79
40,Johnath,Moresby,jmoresby13@examiner.com,Female,255.148.178.120
41,Robbie,Beckford,rbeckford14@spiegel.de,Male,69.113.14.252
42,Idell,Ashingden,iashingden15@vinaora.com,Female,16.152.34.108
43,Solly,Galgey,sgalgey16@sohu.com,Male,221.54.106.45
44,Jerrold,Stovell,jstovell17@wikispaces.com,Male,55.107.145.102
45,Calv,Solleme,csolleme18@techcrunch.com,Male,192.130.153.38
46,Jae,Aizikovitz,jaizikovitz19@shop-pro.jp,Male,198.0.204.201
47,Jerrie,Methley,jmethley1a@uol.com.br,Male,55.207.159.158
48,Byran,Joreau,bjoreau1b@merriam-webster.com,Male,180.124.90.245
49,Emyle,Truman,etruman1c@howstuffworks.com,Female,93.164.143.202
50,Alejoa,Stammirs,astammirs1d@taobao.com,Male,235.66.29.36
51,Hirsch,Hallsworth,hhallsworth1e@printfriendly.com,Male,179.139.246.106
52,Godiva,Amesbury,gamesbury1f@mlb.com,Female,139.22.124.24
53,Ricky,Bees,rbees1g@google.cn,Female,95.146.156.18
54,Gratiana,Sevier,gsevier1h@seattletimes.com,Female,172.254.81.183
55,Binny,Jorge,bjorge1i@about.me,Female,87.180.66.47
56,Jeremie,Stitfall,jstitfall1j@phoca.cz,Male,161.229.226.189
57,Jourdan,Daveran,jdaveran1k@wordpress.org,Female,41.107.57.138
58,Keelia,Doick,kdoick1l@homestead.com,Female,103.183.216.93
59,Colet,Tanner,ctanner1m@aboutads.info,Male,215.105.168.26
60,Scotti,Galtone,sgaltone1n@google.de,Male,243.71.50.38
61,Randi,Mc Combe,rmccombe1o@slate.com,Male,120.248.144.236
62,Daron,Coyett,dcoyett1p@people.com.cn,Male,80.144.247.224
63,Bord,Faulder,bfaulder1q@newyorker.com,Male,186.127.177.143
64,Alleyn,Slaney,aslaney1r@msu.edu,Male,24.219.173.169
65,Terrie,O' Mullane,tomullane1s@ehow.com,Female,105.105.184.61
66,Trudie,Fullom,tfullom1t@msn.com,Female,252.84.41.37
67,Truman,Tattersall,ttattersall1u@desdev.cn,Genderqueer,250.241.209.59
68,Shae,Bennell,sbennell1v@tripod.com,Genderqueer,157.187.168.28
69,Jaquelin,Snipe,jsnipe1w@dropbox.com,Non-binary,149.76.160.192
70,Mommy,Danher,mdanher1x@newyorker.com,Female,167.203.106.108
71,Wayland,Penrith,wpenrith1y@google.co.jp,Male,101.123.216.135
72,Benjamin,Lowman,blowman1z@newyorker.com,Male,152.106.143.183
73,Valene,O' Culligan,voculligan20@princeton.edu,Female,45.100.137.30
74,Wynny,Heaton,wheaton21@trellian.com,Female,36.170.187.62
75,Archibold,Messitt,amessitt22@illinois.edu,Male,7.182.88.218
76,Stacy,McCooke,smccooke23@seattletimes.com,Male,84.225.226.163
77,Oswell,Brodie,obrodie24@imdb.com,Male,223.153.38.16
78,Fairlie,Schrei,fschrei25@pcworld.com,Male,1.142.66.177
79,Jeanna,Monard,jmonard26@boston.com,Female,31.112.125.224
80,Kelby,Zolini,kzolini27@clickbank.net,Male,118.18.234.104
81,Tades,Kittley,tkittley28@weebly.com,Male,236.141.242.213
82,Neysa,Siverns,nsiverns29@phpbb.com,Female,2.81.170.142
83,Bunnie,Berkley,bberkley2a@dot.gov,Female,239.80.58.210
84,Randy,Starie,rstarie2b@ebay.co.uk,Female,119.30.30.113
85,Elmer,MacKnocker,emacknocker2c@wunderground.com,Male,234.26.203.73
86,Mame,Aucott,maucott2d@webs.com,Female,113.195.110.188
87,Davis,Robroe,drobroe2e@tamu.edu,Genderfluid,18.93.186.121
88,Jorry,Poe,jpoe2f@wp.com,Female,232.131.67.51
89,Hettie,Feldbau,hfeldbau2g@ebay.com,Female,70.145.72.27
90,Sherm,Wile,swile2h@wired.com,Male,82.188.63.240
91,Edythe,Teggart,eteggart2i@indiegogo.com,Female,177.114.69.84
92,Keefe,Fish,kfish2j@usnews.com,Male,51.69.26.132
93,Elberta,Thorington,ethorington2k@deviantart.com,Female,204.96.134.150
94,Gene,Ziemke,gziemke2l@dion.ne.jp,Male,36.16.151.241
95,Terri,Bremmell,tbremmell2m@nih.gov,Genderfluid,183.190.23.183
96,Emelina,Nand,enand2n@admin.ch,Female,32.80.222.179
97,Bessy,Wallsworth,bwallsworth2o@phoca.cz,Female,96.166.148.233
98,Merissa,Bridgeman,mbridgeman2p@who.int,Female,60.225.31.187
99,Bearnard,Boggas,bboggas2q@umich.edu,Male,27.215.245.238
100,Carroll,Huckster,chuckster2r@who.int,Male,240.93.158.77
101,Yolanthe,Fassam,yfassam2s@biblegateway.com,Female,50.182.188.229
102,Theo,Grafham,tgrafham2t@bandcamp.com,Male,233.231.92.129
103,Armstrong,Marsland,amarsland2u@biblegateway.com,Male,145.24.215.169
104,Urban,Tampen,utampen2v@redcross.org,Male,234.126.196.176
105,Stanleigh,Aspland,saspland2w@wordpress.org,Male,114.99.141.44
106,Marwin,Lovstrom,mlovstrom2x@theguardian.com,Male,209.136.46.106
107,Tamqrah,Pigdon,tpigdon2y@scribd.com,Female,221.26.140.59
108,Tailor,Stennard,tstennard2z@youku.com,Male,158.75.169.254
109,Richmond,Schruur,rschruur30@woothemes.com,Male,154.43.121.146
110,Thorsten,Couchman,tcouchman31@about.me,Male,141.72.184.165
111,Harland,Caw,hcaw32@g.co,Male,174.132.7.29
112,Dee dee,Reams,dreams33@woothemes.com,Polygender,222.96.250.22
113,Leela,Vannucci,lvannucci34@salon.com,Female,117.98.143.73
114,Megen,Strode,mstrode35@gravatar.com,Female,157.226.216.125
115,Yuri,Baunton,ybaunton36@narod.ru,Male,0.213.225.49
116,Katheryn,Hundy,khundy37@pagesperso-orange.fr,Female,235.223.25.95
117,Stephan,Kemmish,skemmish38@cpanel.net,Male,139.91.170.63
118,Cynthia,Galletley,cgalletley39@histats.com,Female,239.87.15.55
119,Constantia,Chance,cchance3a@nbcnews.com,Female,227.223.116.56
120,Thornton,Lambert,tlambert3b@hao123.com,Male,221.174.148.114
121,Theodor,Bannerman,tbannerman3c@prweb.com,Non-binary,203.58.104.210
122,Stormie,Tunaclift,stunaclift3d@tiny.cc,Female,253.79.8.134
123,Rufe,MacIllrick,rmacillrick3e@123-reg.co.uk,Male,69.220.235.3
124,Carmelina,Chalke,cchalke3f@craigslist.org,Female,213.86.51.6
125,Milka,Gallemore,mgallemore3g@mysql.com,Female,74.58.19.211
126,Doralin,Healks,dhealks3h@yahoo.com,Female,6.96.51.48
127,Cullen,Earland,cearland3i@wordpress.com,Male,63.156.141.38
128,Lucinda,Andrat,landrat3j@discovery.com,Female,151.198.99.144
129,Avictor,Burren,aburren3k@thetimes.co.uk,Male,130.109.215.3
130,Rosalia,Easseby,reasseby3l@google.it,Female,114.207.219.68
131,Sunny,Rivard,srivard3m@telegraph.co.uk,Female,88.20.179.199
132,Micah,Humes,mhumes3n@reuters.com,Male,232.16.244.12
133,Lezlie,Attersoll,lattersoll3o@shop-pro.jp,Female,140.178.58.197
134,Tuck,Razoux,trazoux3p@theglobeandmail.com,Male,254.28.159.1
135,North,Girtin,ngirtin3q@cafepress.com,Male,111.11.183.63
136,Shawn,Kynson,skynson3r@salon.com,Female,206.240.68.205
137,Leticia,Birchner,lbirchner3s@nps.gov,Female,114.147.68.225
138,Hyacinth,Kennet,hkennet3t@cbc.ca,Female,52.38.51.46
139,Adriaens,Rottery,arottery3u@networkadvertising.org,Female,81.159.69.238
140,Tiffy,Radnedge,tradnedge3v@google.co.jp,Female,52.152.201.16
141,Page,Makepeace,pmakepeace3w@csmonitor.com,Male,143.164.32.141
142,Alexander,Timmes,atimmes3x@behance.net,Male,121.181.209.1
143,Shawn,Seamark,sseamark3y@scribd.com,Female,28.133.198.117
144,Benny,Bignal,bbignal3z@google.de,Genderqueer,217.83.233.37
145,Benson,Stroulger,bstroulger40@businessinsider.com,Male,197.211.26.87
146,Bili,Milne,bmilne41@seesaa.net,Female,113.90.246.58
147,Lucky,Fontel,lfontel42@weibo.com,Female,22.28.183.112
148,Davina,Stenbridge,dstenbridge43@nymag.com,Bigender,76.68.197.145
149,Bambi,Findon,bfindon44@bigcartel.com,Polygender,205.1.126.78
150,Noelyn,Gehrtz,ngehrtz45@bbb.org,Female,94.221.86.227
151,Jorey,Keogh,jkeogh46@last.fm,Female,155.247.189.127
152,Celestina,Dowty,cdowty47@themeforest.net,Female,48.244.235.153
153,Marion,Devonish,mdevonish48@accuweather.com,Female,119.12.119.28
154,Angus,Prestige,aprestige49@cam.ac.uk,Male,64.136.137.115
155,Kerstin,Pargetter,kpargetter4a@alibaba.com,Female,75.47.249.115
156,Inglebert,Izod,iizod4b@goo.gl,Male,77.20.225.187
157,Betsy,Pottberry,bpottberry4c@alexa.com,Female,185.150.94.236
158,Payton,Ingerfield,pingerfield4d@techcrunch.com,Male,13.168.127.157
159,Kathy,Berrecloth,kberrecloth4e@dot.gov,Female,180.181.62.9
160,Obadiah,Terrey,oterrey4f@xinhuanet.com,Male,84.109.34.152
161,Rebekkah,Glassopp,rglassopp4g@com.com,Female,94.120.67.82
162,Rosalynd,Rapin,rrapin4h@goodreads.com,Female,65.61.27.183
163,Cchaddie,Thomen,cthomen4i@youtu.be,Male,105.32.31.44
164,Stillmann,Doble,sdoble4j@ning.com,Male,100.110.22.36
165,Cherri,Sandars,csandars4k@chronoengine.com,Female,237.59.70.128
166,Cairistiona,Tomson,ctomson4l@cloudflare.com,Female,173.15.3.100
167,Loralie,Cordero,lcordero4m@uol.com.br,Female,6.213.147.174
168,Olivia,Leveridge,oleveridge4n@cbslocal.com,Female,63.29.144.3
169,Garrik,Geerling,ggeerling4o@globo.com,Male,87.105.140.49
170,Georgette,Arnau,garnau4p@nps.gov,Female,113.27.193.99
171,Ari,Bellamy,abellamy4q@weather.com,Male,9.45.192.241
172,Sebastiano,Malster,smalster4r@webnode.com,Male,254.145.85.73
173,Selby,Somner,ssomner4s@cam.ac.uk,Male,178.30.171.18
174,Francesca,Flann,fflann4t@photobucket.com,Bigender,28.163.244.73
175,Annette,Blankhorn,ablankhorn4u@huffingtonpost.com,Female,240.96.108.177
176,Darnall,Adamek,dadamek4v@java.com,Male,182.92.111.198
177,Junie,Malamore,jmalamore4w@home.pl,Female,36.248.35.131
178,Meghan,Jirasek,mjirasek4x@lulu.com,Female,192.38.239.166
179,Camile,Montilla,cmontilla4y@ucla.edu,Female,214.57.132.106
180,Isidora,Cape,icape4z@issuu.com,Female,35.141.84.174
181,Ashbey,Runnacles,arunnacles50@google.ru,Non-binary,5.199.192.88
182,Nat,Badrock,nbadrock51@about.com,Male,190.76.47.120
183,Lydon,Physick,lphysick52@hc360.com,Male,104.28.59.137
184,Marinna,Sives,msives53@privacy.gov.au,Female,150.161.240.87
185,Packston,Dundridge,pdundridge54@hatena.ne.jp,Male,88.238.255.143
186,Elmore,Tithecote,etithecote55@aboutads.info,Male,43.6.14.25
187,Clevie,Wortman,cwortman56@comsenz.com,Male,63.154.161.172
188,Patrizia,Longman,plongman57@parallels.com,Female,249.168.230.159
189,Sorcha,McCay,smccay58@opensource.org,Non-binary,31.189.205.216
190,Thaxter,Caves,tcaves59@pcworld.com,Male,163.234.109.81
191,Olivier,Risley,orisley5a@sitemeter.com,Male,92.123.242.156
192,Lezlie,Melmore,lmelmore5b@gmpg.org,Female,47.70.185.102
193,Giffie,Maureen,gmaureen5c@unicef.org,Male,245.32.145.166
194,Marci,Haslen,mhaslen5d@ustream.tv,Female,216.235.63.179
195,Monro,Rowbury,mrowbury5e@amazonaws.com,Non-binary,28.143.81.118
196,Catherin,Jacketts,cjacketts5f@europa.eu,Female,132.154.132.16
197,Griswold,Goldwater,ggoldwater5g@businesswire.com,Male,158.188.196.122
198,Elise,Bartkiewicz,ebartkiewicz5h@quantcast.com,Female,166.207.39.221
199,Seamus,Lacy,slacy5i@homestead.com,Male,26.115.2.164
200,Eleonora,Chatten,echatten5j@dedecms.com,Female,128.84.209.128
201,Karen,Biesty,kbiesty5k@bloglovin.com,Female,132.240.62.96
202,Carmine,Blunkett,cblunkett5l@eventbrite.com,Male,101.82.237.235
203,Kalle,Martyn,kmartyn5m@zimbio.com,Male,124.207.70.182
204,Rex,Rainy,rrainy5n@desdev.cn,Polygender,114.97.89.52
205,Quincey,Shotboult,qshotboult5o@facebook.com,Male,243.253.127.252
206,Trina,Roja,troja5p@senate.gov,Female,63.48.225.166
207,Cece,Dedmam,cdedmam5q@flickr.com,Male,133.89.161.135
208,Kristos,Konmann,kkonmann5r@about.me,Male,14.70.42.208
209,Elyse,Stockman,estockman5s@google.pl,Female,100.188.101.165
210,Eduard,Maddrah,emaddrah5t@paypal.com,Male,107.108.177.124
211,Rosanna,Sizeland,rsizeland5u@freewebs.com,Female,45.99.93.57
212,Tod,Stork,tstork5v@myspace.com,Male,237.76.249.239
213,Nixie,Henzley,nhenzley5w@psu.edu,Female,119.174.163.42
214,Lulu,Gilchrist,lgilchrist5x@nih.gov,Female,201.13.191.132
215,Kort,Wallbanks,kwallbanks5y@npr.org,Male,94.54.88.130
216,Nathanael,Grannell,ngrannell5z@google.es,Bigender,215.252.237.244
217,Joella,Offen,joffen60@guardian.co.uk,Genderfluid,114.25.72.228
218,Parrnell,Cottesford,pcottesford61@abc.net.au,Male,174.241.169.191
219,Joleen,Simecek,jsimecek62@squarespace.com,Female,120.78.15.189
220,Gloria,Brame,gbrame63@histats.com,Polygender,203.9.123.77
221,Gordy,Alexsandrovich,galexsandrovich64@istockphoto.com,Male,151.93.181.234
222,Dorey,O'Gready,dogready65@npr.org,Male,40.211.185.31
223,Chloette,Caghy,ccaghy66@wp.com,Female,39.105.128.72
224,Helyn,Gorbell,hgorbell67@ed.gov,Female,131.63.215.162
225,Stanleigh,Petrelluzzi,spetrelluzzi68@ca.gov,Male,145.76.40.168
226,Roderick,Eicheler,reicheler69@4shared.com,Male,72.193.149.42
227,Derrick,Worboys,dworboys6a@ed.gov,Male,215.68.47.124
228,Gabriele,Taffurelli,gtaffurelli6b@people.com.cn,Non-binary,60.216.137.254
229,Carlos,Peidro,cpeidro6c@craigslist.org,Male,251.150.74.38
230,Jessica,Alentyev,jalentyev6d@cdc.gov,Female,205.118.167.183
231,Darcey,Stockoe,dstockoe6e@nih.gov,Female,188.42.206.152
232,Grier,Tarpey,gtarpey6f@examiner.com,Female,139.181.133.2
233,Gregoire,Maroney,gmaroney6g@soup.io,Male,239.210.110.229
234,Wolfie,Vinck,wvinck6h@cisco.com,Male,56.166.16.39
235,Reyna,Bilsland,rbilsland6i@lycos.com,Female,116.186.170.65
236,Loraine,Goodson,lgoodson6j@sohu.com,Female,113.138.13.63
237,Shirleen,Conigsby,sconigsby6k@wsj.com,Female,29.100.34.250
238,Heath,Kahn,hkahn6l@usgs.gov,Female,210.250.240.172
239,Lewie,Duckhouse,lduckhouse6m@163.com,Male,250.64.246.253
240,Caterina,Whiteman,cwhiteman6n@surveymonkey.com,Female,149.93.16.198
241,Whitaker,Brookes,wbrookes6o@google.co.jp,Male,105.193.198.19
242,Marya,Espinal,mespinal6p@meetup.com,Female,83.214.222.130
243,Debera,Tidy,dtidy6q@furl.net,Female,65.46.153.181
244,Vidovic,Olek,volek6r@disqus.com,Male,230.88.234.150
245,Luelle,Gumm,lgumm6s@flavors.me,Female,55.68.77.73
246,Jedediah,Dhenin,jdhenin6t@amazonaws.com,Male,186.124.197.32
247,Hyman,Hails,hhails6u@cyberchimps.com,Male,119.65.110.147
248,Nessie,Fells,nfells6v@utexas.edu,Female,244.88.89.174
249,Dianna,Cozby,dcozby6w@wunderground.com,Female,211.202.181.201
250,Trstram,Sankey,tsankey6x@sakura.ne.jp,Male,128.33.86.221
251,Elga,Doerling,edoerling6y@163.com,Female,251.238.89.6
252,Norton,Widdecombe,nwiddecombe6z@ed.gov,Male,68.128.91.174
253,Claudio,Allanson,callanson70@over-blog.com,Male,191.47.185.110
254,Patrizius,Grieg,pgrieg71@sakura.ne.jp,Male,239.229.112.190
255,Craggy,McVicar,cmcvicar72@seesaa.net,Male,126.231.45.21
256,Carmelina,Goreway,cgoreway73@yellowpages.com,Female,74.252.30.216
257,Jerrold,Bavidge,jbavidge74@apache.org,Male,169.243.119.249
258,Gardner,Fardon,gfardon75@quantcast.com,Genderqueer,226.181.138.135
259,Ianthe,Rowan,irowan76@harvard.edu,Female,249.38.157.147
260,Letisha,Winstone,lwinstone77@nps.gov,Female,202.10.49.228
261,Pietra,Balint,pbalint78@cbc.ca,Female,40.54.156.0
262,Dosi,Keveren,dkeveren79@g.co,Female,141.28.225.147
263,Zitella,Scottesmoor,zscottesmoor7a@e-recht24.de,Female,127.85.159.246
264,Zack,Grandisson,zgrandisson7b@dropbox.com,Male,71.211.192.94
265,Wendy,Eshmade,weshmade7c@smh.com.au,Female,1.36.195.122
266,Rob,Golland,rgolland7d@opensource.org,Male,184.59.239.64
267,Bob,Bernadot,bbernadot7e@cnet.com,Polygender,145.176.189.46
268,Kerri,Madgett,kmadgett7f@spiegel.de,Female,219.136.22.241
269,Adrianna,Batram,abatram7g@trellian.com,Female,131.94.69.152
270,Sherwood,Yakunchikov,syakunchikov7h@github.io,Male,83.47.199.87
271,Tammy,Cholton,tcholton7i@wired.com,Male,24.69.43.39
272,Anna-diana,Beckles,abeckles7j@skype.com,Female,133.209.211.136
273,Hal,Grimston,hgrimston7k@state.tx.us,Male,152.25.60.1
274,Tallia,Gilardi,tgilardi7l@tripod.com,Female,110.58.155.11
275,Emmalee,Clubley,eclubley7m@cbsnews.com,Female,75.136.55.166
276,Alyosha,Fassan,afassan7n@smugmug.com,Male,134.165.79.240
277,Anabelle,Ertelt,aertelt7o@storify.com,Female,75.111.109.254
278,Luella,Farlambe,lfarlambe7p@hao123.com,Female,220.124.109.33
279,Farley,Campe,fcampe7q@ucoz.ru,Male,250.1.236.203
280,Web,MacCawley,wmaccawley7r@usgs.gov,Male,88.210.118.126
281,Torie,Moroney,tmoroney7s@bluehost.com,Female,34.186.142.167
282,Zara,Chaffey,zchaffey7t@nhs.uk,Female,1.230.0.223
283,Lorita,Collier,lcollier7u@webs.com,Female,67.77.117.185
284,Pete,Giffard,pgiffard7v@tinypic.com,Male,15.153.230.55
285,Meridith,Stapells,mstapells7w@kickstarter.com,Female,249.123.225.204
286,Star,Emeney,semeney7x@tmall.com,Agender,93.3.153.175
287,Warde,Minster,wminster7y@joomla.org,Male,115.167.77.233
288,Dimitry,Cluckie,dcluckie7z@fda.gov,Male,41.133.204.115
289,Belia,Josefovic,bjosefovic80@theatlantic.com,Female,35.79.35.52
290,Marmaduke,Revan,mrevan81@state.gov,Non-binary,95.237.229.78
291,Johannah,Danilenko,jdanilenko82@mac.com,Female,7.147.113.210
292,Elonore,Caesar,ecaesar83@ustream.tv,Female,210.68.185.110
293,Wrennie,Phelps,wphelps84@google.co.uk,Female,79.5.133.243
294,Olenolin,Greville,ogreville85@google.com.hk,Male,119.107.131.251
295,Rowney,Waltho,rwaltho86@engadget.com,Male,179.187.110.183
296,Aurie,Bernuzzi,abernuzzi87@ftc.gov,Female,6.247.59.239
297,Sile,Timberlake,stimberlake88@google.ru,Female,254.90.96.172
298,Nicky,Widdall,nwiddall89@myspace.com,Male,150.200.127.209
299,Shell,Grieswood,sgrieswood8a@eepurl.com,Female,122.133.221.181
300,Jyoti,Jovicevic,jjovicevic8b@tamu.edu,Female,123.83.136.38
301,Benedicta,Gaskill,bgaskill8c@state.gov,Female,149.15.218.141
302,Amalle,Dugald,adugald8d@geocities.com,Female,155.114.116.123
303,Amity,Gerding,agerding8e@irs.gov,Female,217.14.137.231
304,Ethelred,Egentan,eegentan8f@canalblog.com,Male,209.54.46.5
305,Gerry,Waliszewski,gwaliszewski8g@google.pl,Female,204.88.79.77
306,Isadore,Muat,imuat8h@ca.gov,Male,195.222.237.174
307,Angeline,Monnoyer,amonnoyer8i@ucoz.com,Female,231.37.202.28
308,Arturo,Costelow,acostelow8j@bbb.org,Male,248.76.115.144
309,Nickolaus,Pavey,npavey8k@discovery.com,Male,84.233.167.23
310,Pamelina,McVeigh,pmcveigh8l@chronoengine.com,Female,89.130.154.207
311,Wiley,Phippard,wphippard8m@theguardian.com,Male,25.17.246.253
312,Hannis,Gravet,hgravet8n@kickstarter.com,Genderqueer,43.202.39.0
313,Chaddie,O'Dea,codea8o@nbcnews.com,Male,192.219.52.138
314,Zacharia,Sambath,zsambath8p@typepad.com,Male,157.133.225.75
315,Justinian,Risbridger,jrisbridger8q@wp.com,Male,80.66.153.167
316,Austin,Denford,adenford8r@goo.ne.jp,Male,34.180.190.145
317,Calley,Avann,cavann8s@amazon.co.jp,Female,116.158.162.54
318,Marjory,Hydes,mhydes8t@time.com,Female,64.139.29.209
319,Milton,Tousy,mtousy8u@businessweek.com,Genderfluid,188.7.232.67
320,Vanni,Sexti,vsexti8v@printfriendly.com,Female,27.227.164.144
321,Augie,Dollimore,adollimore8w@prlog.org,Male,92.109.156.6
322,April,Medgewick,amedgewick8x@tinyurl.com,Female,157.81.164.251
323,Frazier,Beattie,fbeattie8y@blog.com,Male,82.177.39.224
324,Dory,Asch,dasch8z@nhs.uk,Female,32.159.206.211
325,Solomon,Lenney,slenney90@loc.gov,Male,230.135.125.50
326,Joelie,Gentile,jgentile91@histats.com,Female,14.172.125.128
327,Lynnell,Goodlet,lgoodlet92@4shared.com,Female,105.0.245.236
328,Nathalie,Breckon,nbreckon93@webeden.co.uk,Bigender,63.251.54.24
329,Parke,Carlisso,pcarlisso94@webeden.co.uk,Male,55.220.86.129
330,Nealy,Hacquoil,nhacquoil95@blogs.com,Male,14.119.98.61
331,Lani,Impy,limpy96@netvibes.com,Female,47.250.162.117
332,Sharl,Pound,spound97@wisc.edu,Female,207.62.253.72
333,Tremain,Garmans,tgarmans98@google.pl,Male,145.141.253.69
334,Ryun,McCallister,rmccallister99@infoseek.co.jp,Male,25.75.7.231
335,Gay,Radcliffe,gradcliffe9a@blogs.com,Female,176.149.133.185
336,Jacynth,Huot,jhuot9b@foxnews.com,Genderfluid,124.93.38.72
337,Boy,Corbitt,bcorbitt9c@examiner.com,Male,109.244.189.109
338,Merell,Grzegorczyk,mgrzegorczyk9d@squarespace.com,Male,110.105.206.210
339,Lawrence,Brockie,lbrockie9e@sitemeter.com,Male,21.28.14.8
340,Jameson,Curme,jcurme9f@twitpic.com,Male,88.152.9.127
341,Cordula,Croix,ccroix9g@mlb.com,Female,145.8.114.207
342,Myrlene,Espada,mespada9h@cnbc.com,Female,26.11.6.74
343,Lynelle,Cawsey,lcawsey9i@blogger.com,Female,62.92.86.222
344,Sadye,Wardhough,swardhough9j@devhub.com,Female,161.49.104.253
345,Shellie,Petteford,spetteford9k@clickbank.net,Female,98.112.135.96
346,Tedra,Reith,treith9l@paypal.com,Female,15.163.36.156
347,Udall,Mannock,umannock9m@ycombinator.com,Male,33.94.4.195
348,Leelah,Gosson,lgosson9n@webeden.co.uk,Non-binary,30.50.34.10
349,Rogerio,Loveredge,rloveredge9o@xing.com,Male,100.68.246.255
350,Daloris,Prestige,dprestige9p@wired.com,Polygender,239.252.154.86
351,Gretna,Pietersma,gpietersma9q@dyndns.org,Female,212.127.32.86
352,Genvieve,Pinch,gpinch9r@adobe.com,Female,169.47.88.4
353,Suzanne,Kaygill,skaygill9s@cam.ac.uk,Female,248.196.162.198
354,Fancy,Endon,fendon9t@google.cn,Polygender,90.55.113.4
355,Hunfredo,Leabeater,hleabeater9u@ed.gov,Male,192.20.168.73
356,Rochell,Arboine,rarboine9v@techcrunch.com,Female,124.151.157.67
357,Delmer,Ullyatt,dullyatt9w@devhub.com,Male,179.59.163.67
358,Kip,Edgson,kedgson9x@digg.com,Female,32.30.177.204
359,Analise,Canceller,acanceller9y@ovh.net,Female,204.42.163.188
360,Florence,Tumulty,ftumulty9z@paypal.com,Female,93.203.253.4
361,Annnora,Screeton,ascreetona0@msn.com,Female,184.233.218.100
362,Stormy,Colmer,scolmera1@sbwire.com,Female,31.213.73.57
363,Renee,Gownge,rgowngea2@sitemeter.com,Female,201.246.132.207
364,Kerrie,Simonelli,ksimonellia3@discuz.net,Female,121.200.211.40
365,Georgi,Tidridge,gtidridgea4@cnbc.com,Male,90.39.171.167
366,Arnie,Andrzejczak,aandrzejczaka5@imageshack.us,Male,69.98.198.25
367,Filide,Phorsby,fphorsbya6@prnewswire.com,Female,54.93.63.137
368,Ashia,Hulkes,ahulkesa7@newsvine.com,Female,173.11.82.10
369,Tiffie,O'Henehan,tohenehana8@gmpg.org,Female,85.245.22.105
370,Dolores,Dedrick,ddedricka9@slate.com,Female,241.33.195.223
371,Esmaria,Runsey,erunseyaa@howstuffworks.com,Polygender,158.131.94.228
372,Ginni,Carlile,gcarlileab@delicious.com,Female,96.249.62.222
373,Sky,Biscomb,sbiscombac@uiuc.edu,Male,98.23.24.5
374,Rosina,Rembaud,rrembaudad@home.pl,Bigender,200.165.193.80
375,Julia,Morcom,jmorcomae@example.com,Female,83.28.216.4
376,Johanna,Faers,jfaersaf@artisteer.com,Female,28.67.83.51
377,Darwin,Groven,dgrovenag@unc.edu,Male,203.187.93.80
378,Mohandis,Earsman,mearsmanah@chicagotribune.com,Male,90.230.124.244
379,Corrinne,Gillooly,cgilloolyai@intel.com,Female,64.253.48.183
380,Gerda,Floyde,gfloydeaj@zimbio.com,Female,2.150.116.190
381,Desiree,Scourgie,dscourgieak@istockphoto.com,Female,53.180.109.138
382,Tania,Gilders,tgildersal@baidu.com,Female,1.4.108.160
383,Mahala,Powell,mpowellam@aol.com,Female,93.11.110.163
384,Morley,MacMearty,mmacmeartyan@hexun.com,Male,38.101.205.39
385,Kassie,McKellen,kmckellenao@loc.gov,Female,254.65.106.215
386,Lou,Penright,lpenrightap@cisco.com,Male,177.61.40.112
387,Tildie,Carabine,tcarabineaq@wsj.com,Female,126.213.64.139
388,Merola,Munkton,mmunktonar@epa.gov,Female,228.22.190.67
389,Maridel,Phibb,mphibbas@engadget.com,Genderqueer,42.119.235.92
390,Gerard,Blackborow,gblackborowat@weebly.com,Male,170.91.69.89
391,Correy,Venable,cvenableau@scientificamerican.com,Male,78.90.27.132
392,Rodrick,Husband,rhusbandav@pbs.org,Male,154.214.77.132
393,Paula,Kippie,pkippieaw@state.tx.us,Female,10.172.53.46
394,Perkin,Rushbrook,prushbrookax@fda.gov,Male,231.108.5.202
395,Sheba,Jachtym,sjachtymay@example.com,Agender,54.162.36.111
396,Melodie,Riatt,mriattaz@vinaora.com,Female,5.47.110.63
397,Herbie,Sandercock,hsandercockb0@nih.gov,Male,70.213.195.216
398,Ambrosio,Helwig,ahelwigb1@hibu.com,Male,31.137.87.154
399,Zola,Pittaway,zpittawayb2@drupal.org,Female,252.39.138.73
400,Griz,Gatheral,ggatheralb3@dropbox.com,Male,198.251.63.106
401,Neal,Dyett,ndyettb4@patch.com,Male,106.169.109.54
402,Terrance,Widd,twiddb5@vistaprint.com,Male,106.5.42.43
403,Dougy,Sango,dsangob6@sciencedirect.com,Male,21.23.113.101
404,Averil,Robertson,arobertsonb7@indiatimes.com,Polygender,208.79.111.6
405,Janot,Ducker,jduckerb8@dyndns.org,Female,29.250.202.57
406,Alexa,Scutts,ascuttsb9@typepad.com,Female,169.175.237.107
407,Dirk,Brikner,dbriknerba@freewebs.com,Male,67.158.42.205
408,Mozes,Fredi,mfredibb@columbia.edu,Male,160.198.65.114
409,Jojo,Philipp,jphilippbc@bbc.co.uk,Female,249.57.48.141
410,Zita,Dace,zdacebd@w3.org,Female,160.229.20.209
411,Sanford,Kanzler,skanzlerbe@ucoz.ru,Male,89.192.14.242
412,Whitney,Daal,wdaalbf@eepurl.com,Genderqueer,193.36.145.235
413,Letizia,McCorkindale,lmccorkindalebg@boston.com,Female,103.185.177.144
414,Sigismondo,Folan,sfolanbh@oaic.gov.au,Male,32.175.66.69
415,Penny,Jirusek,pjirusekbi@w3.org,Female,69.94.252.114
416,Edwina,Gavagan,egavaganbj@yelp.com,Female,39.117.133.160
417,Adan,Wagenen,awagenenbk@ifeng.com,Male,255.55.0.138
418,Corrie,Starrs,cstarrsbl@weibo.com,Male,146.196.56.143
419,Sybila,Sindell,ssindellbm@hp.com,Agender,131.114.144.255
420,Marjy,Godrich,mgodrichbn@com.com,Female,41.184.188.12
421,Lowe,Morrish,lmorrishbo@harvard.edu,Male,246.61.13.97
422,Percival,Casseldine,pcasseldinebp@themeforest.net,Male,217.4.67.246
423,Roseanna,MacMurray,rmacmurraybq@surveymonkey.com,Female,172.112.31.31
424,Ricki,Ellcock,rellcockbr@blogspot.com,Male,0.29.109.59
425,Herve,McMackin,hmcmackinbs@ehow.com,Male,102.140.183.83
426,Mal,Bockett,mbockettbt@about.me,Male,132.2.142.1
427,Gregoor,Twelvetrees,gtwelvetreesbu@infoseek.co.jp,Male,107.3.142.172
428,Mischa,Horrell,mhorrellbv@bluehost.com,Male,135.205.164.66
429,Hetti,Dayment,hdaymentbw@mediafire.com,Female,60.182.116.82
430,Nikita,Eyckelbeck,neyckelbeckbx@skype.com,Male,115.246.114.253
431,Penrod,Aldwich,paldwichby@miibeian.gov.cn,Male,54.99.190.35
432,Gayle,Adshead,gadsheadbz@imdb.com,Female,54.137.95.52
433,Debbie,Aleksidze,daleksidzec0@yahoo.com,Female,40.209.234.42
434,Miquela,Ogglebie,mogglebiec1@plala.or.jp,Female,81.252.167.20
435,Fredi,Ketchen,fketchenc2@cnet.com,Polygender,244.15.108.229
436,Merissa,Grumbridge,mgrumbridgec3@amazonaws.com,Female,32.61.53.5
437,Simona,Gott,sgottc4@unblog.fr,Female,101.231.48.54
438,Claire,Gusticke,cgustickec5@imdb.com,Male,109.69.63.87
439,Jarad,Sommerscales,jsommerscalesc6@epa.gov,Agender,108.176.70.32
440,Jelene,Tale,jtalec7@diigo.com,Female,169.55.78.214
441,Hodge,Seals,hsealsc8@blogs.com,Male,218.98.175.126
442,Bronny,McNeillie,bmcneilliec9@businessweek.com,Genderqueer,199.49.11.186
443,Saloma,Jendrusch,sjendruschca@google.com.au,Genderfluid,47.172.43.249
444,Nicoline,Cadden,ncaddencb@smh.com.au,Female,29.38.125.134
445,Ceil,Ruler,crulercc@nsw.gov.au,Female,110.107.250.89
446,Franciskus,Offner,foffnercd@stumbleupon.com,Male,111.130.62.193
447,Frances,Benzi,fbenzice@nytimes.com,Female,219.160.88.250
448,Andreana,Welchman,awelchmancf@4shared.com,Female,194.85.172.56
449,Malory,Whitehair,mwhitehaircg@unblog.fr,Non-binary,88.36.11.129
450,Shaun,Lampke,slampkech@liveinternet.ru,Male,135.255.224.159
451,Peterus,Olivi,polivici@time.com,Male,54.247.206.244
452,Cob,Wankling,cwanklingcj@yandex.ru,Male,157.46.193.167
453,Tynan,Rossey,trosseyck@blogtalkradio.com,Male,100.137.35.207
454,Wini,Railton,wrailtoncl@example.com,Female,68.175.44.130
455,Micheil,Longega,mlongegacm@flickr.com,Male,124.23.15.123
456,Desmond,Myrie,dmyriecn@bbc.co.uk,Male,231.224.215.190
457,Agnes,Piggrem,apiggremco@fc2.com,Female,68.220.67.157
458,Thoma,Bruyns,tbruynscp@go.com,Genderqueer,89.186.57.234
459,Lindsay,McKendry,lmckendrycq@github.io,Male,35.213.172.92
460,Melodee,Trillow,mtrillowcr@comcast.net,Female,89.148.163.88
461,Carmen,Benson,cbensoncs@wikia.com,Female,177.138.37.55
462,Wadsworth,Schwaiger,wschwaigerct@ca.gov,Male,176.21.116.49
463,Marten,Rowes,mrowescu@last.fm,Non-binary,197.165.203.145
464,Mannie,Drewitt,mdrewittcv@phpbb.com,Male,37.62.39.55
465,Karleen,Caird,kcairdcw@yellowbook.com,Female,184.131.165.61
466,Terrence,Landell,tlandellcx@archive.org,Male,25.147.67.40
467,Timofei,Mathen,tmathency@theguardian.com,Male,219.30.148.79
468,Hazel,Halcro,hhalcrocz@ibm.com,Female,233.107.148.5
469,Ryun,Stable,rstabled0@amazonaws.com,Male,191.244.73.196
470,Ashton,Elger,aelgerd1@netlog.com,Male,208.62.29.153
471,Marlane,Beagen,mbeagend2@pbs.org,Female,93.233.198.196
472,Tam,Tattersdill,ttattersdilld3@independent.co.uk,Agender,62.14.181.18
473,Doretta,Gibb,dgibbd4@naver.com,Female,54.22.162.0
474,Falito,Pletts,fplettsd5@goo.gl,Male,28.22.204.107
475,Kerrin,Westmerland,kwestmerlandd6@nps.gov,Female,42.105.91.222
476,Andie,Salan,asaland7@multiply.com,Male,78.74.25.110
477,Leigha,Bracher,lbracherd8@livejournal.com,Female,163.166.155.15
478,Simonette,Raynham,sraynhamd9@shop-pro.jp,Female,118.229.171.67
479,Ingeborg,Mabey,imabeyda@pbs.org,Female,85.47.96.23
480,Mead,Hayford,mhayforddb@cyberchimps.com,Female,102.230.206.205
481,Carmelia,Lampens,clampensdc@tamu.edu,Female,91.180.91.253
482,Alta,Rickword,arickworddd@de.vu,Female,1.224.53.111
483,Milzie,Murrill,mmurrillde@ifeng.com,Female,154.87.80.59
484,Aurea,Kelmere,akelmeredf@csmonitor.com,Female,138.63.71.214
485,Ellette,Greenig,egreenigdg@drupal.org,Female,18.10.71.6
486,Rivkah,Roebuck,rroebuckdh@storify.com,Female,32.172.111.65
487,Tamarah,Welch,twelchdi@last.fm,Female,190.11.133.145
488,Delmer,Brantzen,dbrantzendj@amazonaws.com,Male,161.133.197.135
489,Nicholas,Rusling,nruslingdk@go.com,Male,253.52.139.200
490,Carline,Seignior,cseigniordl@aol.com,Female,54.167.84.189
491,Modesta,Jozefiak,mjozefiakdm@mit.edu,Bigender,172.134.243.160
492,Winfred,Dommerque,wdommerquedn@disqus.com,Male,103.7.149.229
493,Walt,Mannering,wmanneringdo@scientificamerican.com,Non-binary,180.115.174.93
494,Lloyd,Skillings,lskillingsdp@blogspot.com,Male,82.206.120.142
495,Melody,Polding,mpoldingdq@hatena.ne.jp,Female,127.200.246.123
496,Tuesday,Iacovielli,tiacoviellidr@uiuc.edu,Female,138.89.58.236
497,Dimitry,Cristobal,dcristobalds@nba.com,Male,164.37.161.186
498,Deloria,Jantot,djantotdt@icio.us,Female,78.211.102.189
499,Luther,Krimmer,lkrimmerdu@smugmug.com,Male,127.143.208.71
500,Larine,Haldane,lhaldanedv@java.com,Bigender,121.100.91.142
501,Junie,Wiltshier,jwiltshierdw@oracle.com,Female,68.97.12.41
502,Reine,Duce,rducedx@uiuc.edu,Female,146.67.194.149
503,Griffin,Blowfield,gblowfielddy@flavors.me,Male,223.115.181.176
504,Babbette,Pywell,bpywelldz@gizmodo.com,Female,201.226.35.221
505,Morna,Bourner,mbournere0@nature.com,Female,165.120.95.49
506,Violet,Josefer,vjosefere1@ed.gov,Female,167.193.202.169
507,Laurice,Florey,lfloreye2@diigo.com,Female,80.21.246.161
508,Dominik,Bachnic,dbachnice3@wunderground.com,Male,123.245.183.31
509,Gus,Donnelly,gdonnellye4@businessinsider.com,Female,73.61.251.220
510,Reuven,Quakley,rquakleye5@yellowbook.com,Non-binary,64.203.184.215
511,Aymer,Commings,acommingse6@dyndns.org,Male,107.45.175.126
512,Arabella,Shuter,ashutere7@angelfire.com,Female,176.121.87.137
513,Howey,Glencorse,hglencorsee8@google.es,Male,123.191.169.254
514,Erma,Roller,erollere9@craigslist.org,Female,8.148.200.143
515,Dagny,Biaggi,dbiaggiea@nydailynews.com,Male,135.234.242.33
516,Merrel,Glasper,mglaspereb@dailymail.co.uk,Male,95.72.252.135
517,Salomi,Muzzi,smuzziec@umich.edu,Female,96.202.156.142
518,Dale,Clementi,dclementied@cocolog-nifty.com,Non-binary,16.23.19.221
519,Pauletta,Wiggin,pwigginee@cyberchimps.com,Female,21.179.13.215
520,Theo,Ruddiman,truddimanef@tumblr.com,Female,5.215.191.154
521,Gilles,Gawne,ggawneeg@devhub.com,Male,10.53.135.220
522,Karlan,Gippes,kgippeseh@angelfire.com,Male,206.19.103.6
523,Shawn,Clive,scliveei@livejournal.com,Female,102.226.235.120
524,Lia,Derisly,lderislyej@berkeley.edu,Female,88.227.255.196
525,Bondy,Dinsale,bdinsaleek@parallels.com,Male,6.91.106.221
526,Dalston,Kuschel,dkuschelel@apple.com,Genderqueer,52.218.74.247
527,Viviene,Yanshin,vyanshinem@upenn.edu,Female,172.203.159.226
528,Bobbee,MacGebenay,bmacgebenayen@ifeng.com,Female,5.137.228.47
529,Ronnie,Spennock,rspennockeo@printfriendly.com,Male,174.79.72.0
530,Gale,Razzell,grazzellep@technorati.com,Female,174.209.127.195
531,Jeana,Ensor,jensoreq@ft.com,Female,218.45.203.215
532,Aylmer,Poynor,apoynorer@bandcamp.com,Male,188.100.232.27
533,Aluino,Rivlin,arivlines@usgs.gov,Male,170.221.198.191
534,Farlee,Buffey,fbuffeyet@mac.com,Male,218.128.133.38
535,Rafael,Oriel,rorieleu@aol.com,Male,60.198.107.89
536,Deane,Piscopiello,dpiscopielloev@nhs.uk,Male,159.242.171.178
537,Grange,Tipler,gtiplerew@biblegateway.com,Male,49.127.163.245
538,Wilona,Canning,wcanningex@newsvine.com,Female,60.165.207.122
539,Rawley,Ben-Aharon,rbenaharoney@theguardian.com,Bigender,39.148.242.135
540,Amalee,Heeney,aheeneyez@arstechnica.com,Polygender,226.230.70.165
541,Birgitta,Churly,bchurlyf0@state.gov,Female,96.132.99.97
542,Vassily,Gettone,vgettonef1@alibaba.com,Male,10.55.9.162
543,Erika,Tancock,etancockf2@github.io,Female,241.244.238.33
544,Billi,Plumtree,bplumtreef3@addtoany.com,Genderfluid,176.77.43.168
545,Darryl,Antwis,dantwisf4@un.org,Female,199.121.23.211
546,Alessandra,Lening,aleningf5@fc2.com,Genderfluid,22.182.102.62
547,Daniella,Staff,dstafff6@deviantart.com,Female,220.168.153.154
548,Michelle,D'Hooge,mdhoogef7@house.gov,Genderqueer,167.77.76.88
549,Samara,Beushaw,sbeushawf8@sciencedaily.com,Female,72.71.134.41
550,Livia,Syncke,lsynckef9@dailymotion.com,Female,134.25.1.223
551,Obadias,Tookill,otookillfa@kickstarter.com,Male,169.86.130.137
552,Catriona,Laffan,claffanfb@boston.com,Female,50.108.207.55
553,Bill,Vaughan,bvaughanfc@arizona.edu,Polygender,207.59.249.64
554,Angus,Sanbrooke,asanbrookefd@huffingtonpost.com,Male,96.119.217.57
555,Cole,Thurstance,cthurstancefe@merriam-webster.com,Male,27.180.109.237
556,Kele,Ellif,kellifff@about.com,Male,52.226.179.136
557,Matthias,Carvill,mcarvillfg@narod.ru,Male,120.152.91.200
558,Aguie,Dillinton,adillintonfh@unesco.org,Agender,220.154.106.61
559,Audrie,Graddell,agraddellfi@walmart.com,Female,65.242.197.206
560,Bibby,Giovanitti,bgiovanittifj@yale.edu,Female,152.28.100.106
561,Agustin,Prahl,aprahlfk@sun.com,Male,219.143.16.58
562,Web,Mattisssen,wmattisssenfl@yellowbook.com,Male,207.218.250.180
563,Adam,Hinkley,ahinkleyfm@is.gd,Male,69.70.179.241
564,Francene,Isac,fisacfn@china.com.cn,Female,104.90.10.228
565,Alexa,Alger,aalgerfo@purevolume.com,Female,32.232.115.55
566,Jacquelyn,Crossgrove,jcrossgrovefp@ow.ly,Female,193.51.65.118
567,Yankee,Jedrzejewski,yjedrzejewskifq@squidoo.com,Male,177.103.1.83
568,Kalina,Trounce,ktrouncefr@dell.com,Female,237.87.158.75
569,Karalee,Penswick,kpenswickfs@newsvine.com,Female,197.225.91.113
570,Nesta,Isted,nistedft@dmoz.org,Female,168.8.182.129
571,Huntlee,Shurrocks,hshurrocksfu@discovery.com,Male,111.28.48.212
572,Ber,Rosenkrantz,brosenkrantzfv@oakley.com,Male,171.13.185.42
573,Sherline,Pirkis,spirkisfw@alibaba.com,Female,170.204.109.55
574,Orren,McCurry,omccurryfx@wufoo.com,Male,175.131.112.44
575,Elaine,Delahunt,edelahuntfy@upenn.edu,Female,110.250.154.36
576,Rob,Grattan,rgrattanfz@yahoo.co.jp,Male,194.26.13.10
577,Bud,Eagle,beagleg0@ft.com,Male,25.238.140.119
578,Stanford,Mattiazzo,smattiazzog1@cmu.edu,Male,143.127.112.78
579,Biddy,Cino,bcinog2@huffingtonpost.com,Female,239.231.111.14
580,Delphine,Colaco,dcolacog3@nytimes.com,Female,37.195.255.200
581,Hollie,Hoggan,hhoggang4@etsy.com,Female,0.54.156.156
582,Minne,Ceschi,mceschig5@google.com.au,Female,58.8.222.63
583,Gaultiero,McGuffog,gmcguffogg6@pagesperso-orange.fr,Male,198.143.229.135
584,Ashleigh,Fursey,afurseyg7@cornell.edu,Female,136.88.165.43
585,Corby,Tredget,ctredgetg8@nsw.gov.au,Male,37.245.101.84
586,Jeramey,Denver,jdenverg9@netvibes.com,Male,194.162.196.94
587,Lurline,Henstridge,lhenstridgega@vk.com,Female,20.124.41.180
588,Verina,Graben,vgrabengb@vimeo.com,Female,138.186.206.241
589,Penrod,Pesik,ppesikgc@utexas.edu,Male,73.15.157.187
590,Alisa,Sleney,asleneygd@techcrunch.com,Female,247.140.81.226
591,Allan,Brumen,abrumenge@github.io,Male,254.184.96.79
592,Mitchell,Damarell,mdamarellgf@amazon.com,Male,57.133.162.99
593,Maurice,Spiers,mspiersgg@shinystat.com,Male,76.92.24.39
594,Olva,Beauly,obeaulygh@jalbum.net,Female,101.36.219.78
595,Lindsey,Wagenen,lwagenengi@freewebs.com,Male,226.19.83.147
596,Patrice,Peach,ppeachgj@homestead.com,Male,118.153.241.71
597,Timothee,Allewell,tallewellgk@wikia.com,Male,147.157.82.135
598,Augustina,Muskett,amuskettgl@geocities.com,Female,6.234.16.239
599,Tadeo,Toft,ttoftgm@jalbum.net,Male,138.252.99.61
600,Bartholemy,Tolomei,btolomeign@oakley.com,Male,7.138.205.40
601,Eli,Ticksall,eticksallgo@indiegogo.com,Male,248.58.168.234
602,Livy,Brea,lbreagp@google.co.uk,Female,86.18.203.32
603,Auroora,Renfrew,arenfrewgq@npr.org,Female,170.153.154.29
604,Klara,Manifold,kmanifoldgr@storify.com,Female,204.65.152.18
605,Clarissa,Kupisz,ckupiszgs@amazon.co.uk,Genderfluid,192.32.48.200
606,Sada,Nannizzi,snannizzigt@trellian.com,Female,164.89.79.96
607,Brendis,MacAne,bmacanegu@fema.gov,Male,182.68.37.12
608,Tallie,Hiskey,thiskeygv@seattletimes.com,Male,105.159.18.241
609,Corney,Mintram,cmintramgw@bing.com,Male,180.101.185.140
610,Jess,Johannesson,jjohannessongx@etsy.com,Female,126.241.241.99
611,Nappy,Stallon,nstallongy@google.co.jp,Male,81.226.62.61
612,Grethel,Gepson,ggepsongz@dailymotion.com,Female,77.241.155.13
613,Sapphira,Twamley,stwamleyh0@ocn.ne.jp,Female,0.124.115.194
614,Shirlee,Aitken,saitkenh1@answers.com,Female,28.242.146.178
615,Josiah,Bourthouloume,jbourthouloumeh2@parallels.com,Male,232.230.195.227
616,Bondy,Shoorbrooke,bshoorbrookeh3@godaddy.com,Male,139.88.41.199
617,Eugene,Shawe,eshaweh4@google.ru,Male,229.54.181.53
618,Roi,Bagnall,rbagnallh5@netvibes.com,Male,7.201.38.102
619,Rosana,Grafton-Herbert,rgraftonherberth6@360.cn,Female,221.116.99.180
620,Ker,Gaspero,kgasperoh7@ustream.tv,Genderfluid,94.234.123.242
621,Nolana,Tierney,ntierneyh8@blog.com,Polygender,118.15.222.84
622,Elmore,Plumridge,eplumridgeh9@surveymonkey.com,Male,53.188.114.127
623,Jacinda,Collop,jcollopha@creativecommons.org,Female,48.32.216.188
624,Cornelle,Neno,cnenohb@scribd.com,Female,152.198.25.182
625,Tallia,Woodcock,twoodcockhc@ask.com,Female,119.243.26.35
626,Prescott,Sherwood,psherwoodhd@mashable.com,Male,222.173.32.225
627,Redford,Plumbridge,rplumbridgehe@squidoo.com,Male,91.11.222.86
628,Toni,Lie,tliehf@slideshare.net,Female,159.163.208.120
629,Benjy,Kinvig,bkinvighg@go.com,Male,183.220.201.195
630,Zorina,Oxton,zoxtonhh@domainmarket.com,Genderqueer,225.238.214.89
631,Alley,Drepp,adrepphi@hibu.com,Male,91.68.67.153
632,Bibbye,Dolley,bdolleyhj@census.gov,Female,150.9.74.108
633,Laurence,Willgress,lwillgresshk@merriam-webster.com,Male,228.0.234.57
634,Merell,Rubbert,mrubberthl@dagondesign.com,Male,97.71.31.171
635,Calvin,Ludwell,cludwellhm@liveinternet.ru,Polygender,136.125.35.57
636,Rhianon,Kulvear,rkulvearhn@pbs.org,Female,174.152.56.211
637,Zane,Dimond,zdimondho@tinypic.com,Male,237.227.117.202
638,Hastie,Onyon,honyonhp@godaddy.com,Male,19.64.11.231
639,Drusy,McGowran,dmcgowranhq@washingtonpost.com,Female,116.153.120.72
640,Worthy,Vakhonin,wvakhoninhr@ftc.gov,Male,73.240.132.157
641,Theodosia,Molloy,tmolloyhs@dagondesign.com,Female,47.194.55.80
642,Worden,Clemits,wclemitsht@jiathis.com,Male,113.104.231.95
643,Lynnell,Rosberg,lrosberghu@g.co,Female,193.10.180.34
644,Edi,Overton,eovertonhv@bravesites.com,Female,124.188.172.211
645,Ignatius,Petrowsky,ipetrowskyhw@diigo.com,Male,163.244.196.8
646,Ulla,Shrigley,ushrigleyhx@constantcontact.com,Female,242.135.102.179
647,Dorry,Hornung,dhornunghy@virginia.edu,Female,251.50.113.98
648,Letta,Fryer,lfryerhz@nytimes.com,Female,12.16.169.27
649,Teodor,Milroy,tmilroyi0@webnode.com,Male,76.15.61.214
650,Benedicta,Garmey,bgarmeyi1@is.gd,Female,84.174.237.111
651,Sibella,Napton,snaptoni2@goodreads.com,Polygender,255.246.180.117
652,Mellisa,Beange,mbeangei3@usgs.gov,Female,128.29.108.210
653,Adham,Jaulmes,ajaulmesi4@rediff.com,Male,119.212.94.174
654,Mozes,Oneile,moneilei5@addthis.com,Male,229.159.96.46
655,Mel,Brazil,mbrazili6@dell.com,Female,80.150.192.206
656,Siusan,Corington,scoringtoni7@gmpg.org,Female,237.22.67.248
657,Queenie,Semkins,qsemkinsi8@etsy.com,Female,79.48.236.146
658,Bonny,Dodswell,bdodswelli9@jigsy.com,Female,207.189.233.111
659,Matthew,Ponnsett,mponnsettia@weather.com,Male,138.46.124.169
660,Laurella,Loraine,lloraineib@sakura.ne.jp,Agender,117.10.3.87
661,Joete,Venny,jvennyic@usatoday.com,Female,211.187.139.57
662,Murdock,Cristofolo,mcristofoloid@google.cn,Male,145.214.233.145
663,Ward,Clemence,wclemenceie@squidoo.com,Male,175.73.106.32
664,Olwen,Aubray,oaubrayif@drupal.org,Female,25.69.215.169
665,Dominic,Demaine,ddemaineig@mac.com,Male,108.46.77.52
666,Lana,Whimpenny,lwhimpennyih@fotki.com,Female,148.151.60.83
667,Emera,Beever,ebeeverii@oracle.com,Female,220.109.223.113
668,Jesse,Deverill,jdeverillij@cdbaby.com,Male,155.152.149.146
669,Wendy,Catterill,wcatterillik@guardian.co.uk,Female,16.72.148.92
670,Alina,Venes,avenesil@shutterfly.com,Female,154.14.170.112
671,Hyacinthie,Earsman,hearsmanim@comsenz.com,Female,223.18.221.16
672,Frieda,Prestie,fprestiein@github.com,Female,100.245.129.70
673,Edyth,Acuna,eacunaio@so-net.ne.jp,Female,81.119.112.102
674,Griselda,Lafford,glaffordip@php.net,Bigender,207.46.220.64
675,Daniele,Torricella,dtorricellaiq@google.co.uk,Female,133.118.92.82
676,Philis,Bayley,pbayleyir@php.net,Female,234.56.127.104
677,Hadlee,De Lascy,hdelascyis@fastcompany.com,Male,35.255.13.255
678,Chaim,Gravey,cgraveyit@histats.com,Male,81.203.39.116
679,Phillis,Giffaut,pgiffautiu@twitpic.com,Female,69.130.21.54
680,Angele,Duxbarry,aduxbarryiv@hibu.com,Female,208.1.204.218
681,Brendon,Aberdeen,baberdeeniw@youtu.be,Male,100.181.239.217
682,Raynard,McGaw,rmcgawix@disqus.com,Polygender,167.79.89.247
683,Arni,Churchman,achurchmaniy@cornell.edu,Male,150.92.121.90
684,Gav,Hook,ghookiz@sciencedaily.com,Male,47.237.162.200
685,Bevvy,Shoute,bshoutej0@cdbaby.com,Female,1.217.111.160
686,Xever,Brisse,xbrissej1@alexa.com,Male,120.39.44.19
687,Gwenny,Prinnett,gprinnettj2@si.edu,Female,103.139.77.245
688,Corine,Narup,cnarupj3@whitehouse.gov,Female,252.202.153.61
689,Joelie,Ferriby,jferribyj4@networkadvertising.org,Female,72.145.169.47
690,Winfield,Meagher,wmeagherj5@mozilla.com,Male,187.79.148.201
691,Lilah,Lovick,llovickj6@sun.com,Female,77.16.155.251
692,Sergei,Ruppele,sruppelej7@pen.io,Male,77.183.95.250
693,Nicola,Dobbinson,ndobbinsonj8@alibaba.com,Male,31.95.57.170
694,Clevey,Wharin,cwharinj9@bing.com,Male,43.65.242.56
695,Bel,Favey,bfaveyja@arstechnica.com,Female,176.71.206.217
696,Ambur,Stoppe,astoppejb@bloglines.com,Female,236.118.33.224
697,Linnet,Heisham,lheishamjc@friendfeed.com,Female,215.61.185.186
698,Bendicty,Ettery,betteryjd@vistaprint.com,Male,11.47.57.4
699,Riva,Hitzmann,rhitzmannje@archive.org,Female,195.80.85.230
700,Benedikta,Grainge,bgraingejf@vistaprint.com,Female,177.24.219.89
701,Morten,Teligin,mteliginjg@mlb.com,Male,174.58.121.229
702,Nadia,Lye,nlyejh@ibm.com,Female,8.188.86.191
703,Sashenka,Banbury,sbanburyji@de.vu,Female,34.229.242.251
704,Sarina,Satcher,ssatcherjj@dedecms.com,Female,155.43.193.148
705,Broderick,Garces,bgarcesjk@wunderground.com,Male,211.228.146.43
706,Finn,Baxstare,fbaxstarejl@twitpic.com,Male,69.128.188.25
707,Normy,Taffe,ntaffejm@list-manage.com,Genderqueer,42.205.61.64
708,Raven,Goodrick,rgoodrickjn@intel.com,Female,74.183.158.151
709,Weston,MacNeillie,wmacneilliejo@joomla.org,Male,243.145.202.202
710,Reggy,Carswell,rcarswelljp@devhub.com,Male,187.67.177.8
711,Dagmar,Strapp,dstrappjq@imageshack.us,Female,5.183.6.228
712,Stafford,Totaro,stotarojr@vinaora.com,Male,161.177.200.63
713,Aubrey,Bellis,abellisjs@twitpic.com,Male,57.79.216.147
714,Galven,MacCafferty,gmaccaffertyjt@over-blog.com,Male,116.169.197.145
715,Riordan,Laborde,rlabordeju@networkadvertising.org,Male,133.251.208.150
716,Margo,Dachey,mdacheyjv@flavors.me,Female,215.18.226.44
717,Thomas,Fidler,tfidlerjw@geocities.com,Male,191.238.69.238
718,Indira,Antosik,iantosikjx@live.com,Female,48.163.130.110
719,Becka,Cammis,bcammisjy@tinyurl.com,Female,239.98.200.18
720,Briana,Grimes,bgrimesjz@msn.com,Female,155.75.49.205
721,Morton,Mereweather,mmereweatherk0@google.co.uk,Male,149.144.246.86
722,Janey,Camous,jcamousk1@a8.net,Female,29.52.15.85
723,Lianna,Keniwell,lkeniwellk2@businesswire.com,Female,120.32.74.65
724,Elvira,Alentyev,ealentyevk3@kickstarter.com,Female,46.110.211.18
725,Raimundo,Papierz,rpapierzk4@prnewswire.com,Male,197.65.72.90
726,Stacy,Friberg,sfribergk5@usgs.gov,Genderqueer,95.234.16.180
727,Carlo,Bourley,cbourleyk6@marriott.com,Male,187.159.88.151
728,Torey,Breckwell,tbreckwellk7@narod.ru,Female,117.242.215.124
729,Jerrine,Youings,jyouingsk8@hubpages.com,Female,109.170.251.68
730,Dorthea,Sopper,dsopperk9@guardian.co.uk,Female,102.24.99.43
731,Mayor,Milward,mmilwardka@google.es,Male,187.191.98.142
732,Charlean,Partkya,cpartkyakb@ca.gov,Female,209.108.239.233
733,Herman,Hustler,hhustlerkc@4shared.com,Male,122.45.73.220
734,Elysia,Rosenfarb,erosenfarbkd@goo.ne.jp,Female,34.228.182.117
735,Lenka,Millmore,lmillmoreke@gnu.org,Female,224.160.163.15
736,Allistir,Vassay,avassaykf@mac.com,Male,59.222.217.32
737,Adler,Britzius,abritziuskg@yellowbook.com,Male,69.136.156.5
738,Carroll,Briddock,cbriddockkh@cargocollective.com,Female,181.132.218.89
739,Loydie,Pettiford,lpettifordki@ask.com,Male,13.153.169.70
740,Lorette,Aloshechkin,laloshechkinkj@qq.com,Female,174.32.31.43
741,Vladimir,Caston,vcastonkk@desdev.cn,Genderqueer,90.134.2.24
742,Dixie,Tooker,dtookerkl@nba.com,Female,171.179.166.136
743,Marcy,Sharple,msharplekm@qq.com,Female,169.13.9.166
744,Robyn,Nannetti,rnannettikn@shinystat.com,Female,143.39.30.42
745,Mellicent,Perel,mperelko@google.com.br,Female,109.80.186.179
746,Callean,Hulkes,chulkeskp@apache.org,Male,243.14.213.47
747,Friederike,Bladesmith,fbladesmithkq@google.co.jp,Female,16.87.243.229
748,Dickie,Wooler,dwoolerkr@parallels.com,Male,4.157.86.167
749,Sheffield,Di Giacomettino,sdigiacomettinoks@independent.co.uk,Male,27.1.230.139
750,Adolpho,Clarricoates,aclarricoateskt@bravesites.com,Male,57.52.189.44
751,Norbert,Palmby,npalmbyku@ycombinator.com,Male,59.14.44.136
752,Marna,Keirle,mkeirlekv@washington.edu,Female,98.118.156.86
753,Sheila-kathryn,Aspey,saspeykw@friendfeed.com,Female,196.113.74.80
754,Hilda,Benezet,hbenezetkx@dell.com,Female,238.107.100.197
755,Kimbra,Bolsteridge,kbolsteridgeky@alexa.com,Female,146.158.75.67
756,Maurise,Espinel,mespinelkz@yellowpages.com,Female,117.199.148.52
757,Bertrand,Doud,bdoudl0@hostgator.com,Male,94.160.205.125
758,Kaitlin,Crumbleholme,kcrumbleholmel1@photobucket.com,Female,100.89.20.183
759,Pembroke,Vigurs,pvigursl2@google.com.br,Male,189.165.160.107
760,Mercie,Dureden,mduredenl3@xinhuanet.com,Female,252.24.16.198
761,Kenon,Kornilov,kkornilovl4@google.es,Male,137.46.191.150
762,Arlie,Bassindale,abassindalel5@nature.com,Female,41.121.118.99
763,Hugo,Luten,hlutenl6@psu.edu,Male,6.76.102.89
764,Levey,Raybould,lraybouldl7@usnews.com,Male,60.71.199.21
765,Euell,Reder,erederl8@wiley.com,Male,246.144.23.241
766,Agatha,Branchet,abranchetl9@123-reg.co.uk,Female,225.229.13.151
767,Duff,Brothers,dbrothersla@indiegogo.com,Non-binary,255.148.87.181
768,Caroline,Woodham,cwoodhamlb@de.vu,Female,180.15.40.150
769,Talbot,Brandham,tbrandhamlc@free.fr,Male,9.246.123.190
770,Josy,Davidson,jdavidsonld@github.com,Female,250.188.163.148
771,Nikki,Ferrarotti,nferrarottile@4shared.com,Male,181.85.24.235
772,Guy,Bracey,gbraceylf@webmd.com,Male,126.182.172.164
773,Ave,Weightman,aweightmanlg@opensource.org,Male,74.12.95.161
774,Carolin,Render,crenderlh@hp.com,Female,94.182.215.90
775,Nessa,Gamwell,ngamwellli@spiegel.de,Female,76.130.156.148
776,Bobina,Ivanikhin,bivanikhinlj@oracle.com,Female,102.42.76.174
777,Reider,Ygoe,rygoelk@networksolutions.com,Male,244.240.189.251
778,Billy,Jaggi,bjaggill@gravatar.com,Male,160.149.43.24
779,Branden,Archambault,barchambaultlm@arizona.edu,Male,32.1.128.102
780,Natka,MacRory,nmacroryln@salon.com,Female,216.133.134.121
781,Ame,Moxham,amoxhamlo@weather.com,Female,177.230.155.27
782,Gladys,Shippam,gshippamlp@wordpress.com,Female,34.250.12.255
783,Shepard,Phittiplace,sphittiplacelq@reference.com,Male,89.160.156.166
784,Thatcher,Colcutt,tcolcuttlr@paypal.com,Male,101.67.205.71
785,Otho,Sirl,osirlls@topsy.com,Male,20.39.147.136
786,Renae,Rowatt,rrowattlt@indiegogo.com,Female,145.166.232.237
787,Kalila,Slinn,kslinnlu@icio.us,Female,67.232.119.33
788,Barbara-anne,Reade,breadelv@va.gov,Female,121.127.111.180
789,Irena,Grasner,igrasnerlw@people.com.cn,Female,28.79.146.59
790,Lilith,Geipel,lgeipellx@techcrunch.com,Female,228.160.184.156
791,Krista,Neising,kneisingly@meetup.com,Female,171.141.233.220
792,Kevyn,Soldan,ksoldanlz@skyrock.com,Female,112.140.138.32
793,Andris,Nettle,anettlem0@ihg.com,Male,204.42.44.114
794,Clari,McAndie,cmcandiem1@army.mil,Female,81.4.251.166
795,Korrie,Hemphrey,khemphreym2@prweb.com,Female,44.223.93.197
796,Consolata,Knok,cknokm3@spiegel.de,Female,124.87.75.120
797,Mariejeanne,Yakebowitch,myakebowitchm4@ustream.tv,Female,201.13.110.144
798,Dominique,Call,dcallm5@digg.com,Male,164.69.188.121
799,Alfreda,Hopkyns,ahopkynsm6@theglobeandmail.com,Female,77.221.151.63
800,Marijn,Rozanski,mrozanskim7@cdbaby.com,Male,98.12.214.111
801,Horace,Winch,hwinchm8@dropbox.com,Male,185.14.85.93
802,Lynda,Camel,lcamelm9@forbes.com,Female,80.140.90.40
803,Maddy,Polding,mpoldingma@virginia.edu,Female,247.165.252.68
804,Angeli,Greenwood,agreenwoodmb@163.com,Male,111.233.53.65
805,Latashia,Coward,lcowardmc@bizjournals.com,Female,81.51.154.78
806,Orlando,Ghiron,oghironmd@theguardian.com,Male,62.8.46.210
807,Collette,Lilly,clillyme@gmpg.org,Female,229.133.211.236
808,Selestina,Allbon,sallbonmf@ehow.com,Female,57.76.170.118
809,Chrotoem,Callery,ccallerymg@biglobe.ne.jp,Bigender,83.141.9.98
810,Kinsley,Walcher,kwalchermh@phoca.cz,Male,161.160.125.198
811,Tamqrah,Bulford,tbulfordmi@shinystat.com,Female,227.225.52.196
812,Edmund,Keaysell,ekeaysellmj@intel.com,Male,129.77.199.197
813,Glynn,MacGiany,gmacgianymk@cdc.gov,Male,101.14.154.140
814,Tommi,Alu,taluml@geocities.com,Female,172.244.210.243
815,Mischa,Wasielewicz,mwasielewiczmm@reuters.com,Male,36.172.195.125
816,Griffith,Beavan,gbeavanmn@geocities.jp,Male,108.227.134.155
817,Pate,Medlicott,pmedlicottmo@godaddy.com,Male,118.31.41.27
818,Buddy,Houlton,bhoultonmp@wisc.edu,Male,54.171.155.74
819,Caresse,Brockton,cbrocktonmq@va.gov,Female,196.195.190.9
820,Evelin,Bohler,ebohlermr@clickbank.net,Male,96.137.199.203
821,Dylan,Asey,daseyms@go.com,Male,230.246.58.107
822,Thane,Skittreal,tskittrealmt@jugem.jp,Bigender,150.75.72.118
823,Melisenda,Bofield,mbofieldmu@hibu.com,Female,21.14.8.176
824,Kaye,Jessup,kjessupmv@tinypic.com,Genderqueer,224.113.124.65
825,Nanni,Charlotte,ncharlottemw@virginia.edu,Female,214.219.75.139
826,Kathe,Trytsman,ktrytsmanmx@wikimedia.org,Female,126.109.10.178
827,Levin,Stoak,lstoakmy@github.io,Male,90.111.135.29
828,Karita,Buckney,kbuckneymz@cisco.com,Female,25.203.198.87
829,Gwenora,Dillestone,gdillestonen0@over-blog.com,Female,242.231.148.235
830,Luce,Glyn,lglynn1@hhs.gov,Polygender,164.5.30.185
831,Brendis,Notti,bnottin2@gravatar.com,Polygender,154.183.83.195
832,Tatiania,Stappard,tstappardn3@cisco.com,Agender,131.40.59.255
833,Pearce,Cawthorn,pcawthornn4@ehow.com,Male,126.243.83.76
834,Richmond,Walpole,rwalpolen5@flickr.com,Male,178.106.62.128
835,Rustin,Hughlock,rhughlockn6@cnet.com,Male,45.162.180.251
836,Kris,Johnston,kjohnstonn7@4shared.com,Female,25.230.8.7
837,Lorettalorna,MacCallion,lmaccallionn8@blog.com,Female,209.63.123.123
838,Adler,Winchcombe,awinchcomben9@dagondesign.com,Male,188.52.152.230
839,Marna,Davitashvili,mdavitashvilina@hhs.gov,Female,160.147.167.24
840,Derrik,Behning,dbehningnb@marriott.com,Male,109.117.203.103
841,Christoffer,Ryall,cryallnc@dropbox.com,Male,32.204.11.238
842,Leodora,Clews,lclewsnd@blinklist.com,Female,136.250.114.66
843,Carie,Le land,clelandne@fema.gov,Female,93.240.121.181
844,Spike,Dainty,sdaintynf@i2i.jp,Male,142.204.105.69
845,Dell,Eagleston,deaglestonng@mediafire.com,Male,85.244.94.61
846,Yvon,Colloby,ycollobynh@sakura.ne.jp,Male,87.43.128.39
847,Sanderson,Foot,sfootni@ft.com,Male,154.131.234.6
848,Eustacia,Harmston,eharmstonnj@creativecommons.org,Female,74.88.8.123
849,Diego,Fountaine,dfountainenk@smh.com.au,Male,132.99.107.55
850,Carver,MacVean,cmacveannl@sitemeter.com,Male,123.166.236.161
851,Morgana,Hadley,mhadleynm@google.cn,Genderfluid,171.59.130.55
852,Shane,Borgnet,sborgnetnn@archive.org,Female,64.60.92.4
853,Matteo,Ridding,mriddingno@marketwatch.com,Male,163.15.73.17
854,Tammy,Pennycock,tpennycocknp@soup.io,Genderqueer,215.0.94.175
855,Jeno,Leil,jleilnq@liveinternet.ru,Male,217.82.191.50
856,Evyn,Chesnay,echesnaynr@washington.edu,Male,89.211.48.118
857,Franklyn,Di Bartolomeo,fdibartolomeons@vistaprint.com,Male,68.121.142.252
858,Arte,Barles,abarlesnt@buzzfeed.com,Male,32.233.112.167
859,Jecho,Attwool,jattwoolnu@spotify.com,Male,159.0.7.175
860,Melisa,Rebichon,mrebichonnv@harvard.edu,Female,195.26.36.113
861,Fallon,Battill,fbattillnw@bbb.org,Genderfluid,231.135.45.35
862,Jillayne,Piel,jpielnx@ameblo.jp,Female,66.180.33.104
863,Ramonda,McConnachie,rmcconnachieny@hibu.com,Female,241.157.53.162
864,Witty,Sidebottom,wsidebottomnz@amazonaws.com,Male,85.44.85.226
865,Asa,Ashwell,aashwello0@prlog.org,Male,239.197.154.71
866,Noell,Mewis,nmewiso1@hc360.com,Female,137.33.135.155
867,Lucian,Goley,lgoleyo2@google.cn,Male,152.84.122.67
868,Dynah,Yoodall,dyoodallo3@dailymail.co.uk,Agender,13.187.171.17
869,Hewe,Elwood,helwoodo4@ft.com,Male,18.109.222.217
870,Norean,Barwood,nbarwoodo5@skyrock.com,Female,156.27.243.113
871,Eddie,Davisson,edavissono6@icio.us,Female,38.155.192.105
872,Broddy,Crookes,bcrookeso7@apache.org,Male,245.2.219.83
873,Karoline,Colbron,kcolbrono8@taobao.com,Female,178.22.158.224
874,Nell,Diprose,ndiproseo9@myspace.com,Female,24.96.173.28
875,Jonas,Gealle,jgealleoa@sbwire.com,Male,230.108.116.107
876,Gris,McCool,gmccoolob@google.ca,Male,61.225.234.69
877,Wyndham,O'Hone,wohoneoc@gov.uk,Male,159.132.158.195
878,Korry,Trehearne,ktrehearneod@opera.com,Female,129.148.160.31
879,Ari,Collington,acollingtonoe@artisteer.com,Male,201.12.83.125
880,Chevalier,Cardoo,ccardooof@barnesandnoble.com,Male,46.181.95.137
881,Gabbie,Forryan,gforryanog@123-reg.co.uk,Genderfluid,62.27.220.54
882,Sherwood,Davidsen,sdavidsenoh@miibeian.gov.cn,Male,179.123.91.253
883,Livia,Vigars,lvigarsoi@cloudflare.com,Female,84.142.188.31
884,Erick,Simison,esimisonoj@usda.gov,Male,132.167.55.138
885,Franny,Ciccottini,fciccottiniok@sohu.com,Male,231.111.28.79
886,Mina,Crompton,mcromptonol@bloomberg.com,Female,206.33.114.235
887,Thibaut,Phipps,tphippsom@last.fm,Male,66.167.24.15
888,Josephine,Peters,jpeterson@wordpress.com,Female,217.224.71.33
889,Horten,Jansky,hjanskyoo@berkeley.edu,Male,216.165.77.207
890,Carey,Branchett,cbranchettop@naver.com,Male,116.55.150.61
891,Tobias,Sidon,tsidonoq@sohu.com,Male,30.230.115.68
892,Odilia,Rozycki,orozyckior@ameblo.jp,Female,80.133.138.181
893,Dedra,Rennebeck,drennebeckos@ihg.com,Female,239.81.250.58
894,Ferdinande,des Remedios,fdesremediosot@omniture.com,Female,80.166.175.106
895,Egan,Pignon,epignonou@live.com,Male,140.109.241.15
896,Valerie,Barukh,vbarukhov@indiatimes.com,Female,151.127.203.138
897,Tremain,Coplestone,tcoplestoneow@miibeian.gov.cn,Male,98.97.83.155
898,Brook,Cubbin,bcubbinox@shinystat.com,Female,151.253.216.174
899,Hynda,Madgwich,hmadgwichoy@hexun.com,Female,170.223.153.218
900,Godfrey,Clavering,gclaveringoz@msu.edu,Male,36.53.230.236
901,Fields,Hoyes,fhoyesp0@unesco.org,Male,51.214.22.255
902,Alexandros,McGrath,amcgrathp1@dot.gov,Male,226.18.185.240
903,Flor,Wedge,fwedgep2@i2i.jp,Bigender,22.173.168.87
904,Ronalda,Botwood,rbotwoodp3@amazon.co.uk,Female,5.93.76.154
905,Cati,Christofor,cchristoforp4@dot.gov,Female,66.110.156.206
906,Tera,Blackater,tblackaterp5@wikimedia.org,Female,113.147.132.48
907,Hobard,Beadnall,hbeadnallp6@google.de,Male,22.150.4.230
908,Giulietta,Mugleston,gmuglestonp7@angelfire.com,Genderqueer,47.243.164.106
909,Laurens,Dumingo,ldumingop8@altervista.org,Male,20.196.244.193
910,Beauregard,Armor,barmorp9@home.pl,Male,15.95.149.62
911,Vin,Orleton,vorletonpa@soup.io,Male,120.224.123.242
912,Kincaid,Ord,kordpb@posterous.com,Male,25.0.50.56
913,Flo,Pipes,fpipespc@disqus.com,Female,49.164.234.144
914,Consuelo,Yarmouth,cyarmouthpd@reverbnation.com,Female,207.65.227.133
915,Farlay,Mee,fmeepe@pen.io,Male,251.149.168.9
916,Kenneth,Doghartie,kdoghartiepf@sciencedirect.com,Polygender,91.157.60.201
917,Celie,Titcumb,ctitcumbpg@narod.ru,Female,145.192.47.243
918,Darleen,Dearnaley,ddearnaleyph@fastcompany.com,Female,40.100.233.247
919,Antonia,Stanyer,astanyerpi@google.de,Female,69.172.18.247
920,Josee,Dulanty,jdulantypj@reference.com,Female,62.150.40.178
921,Susie,Beaston,sbeastonpk@wsj.com,Female,116.88.77.43
922,Forster,Kinkaid,fkinkaidpl@yellowpages.com,Male,199.239.32.77
923,Tam,Starsmore,tstarsmorepm@linkedin.com,Male,39.25.99.191
924,Augusto,Raggett,araggettpn@dmoz.org,Male,17.75.178.122
925,Roxanne,Skittrell,rskittrellpo@nbcnews.com,Female,74.148.154.20
926,Kylynn,Cumber,kcumberpp@youtu.be,Female,99.166.94.177
927,Tabina,Iashvili,tiashvilipq@360.cn,Female,249.234.204.154
928,Pierson,MacCarter,pmaccarterpr@illinois.edu,Male,189.120.237.7
929,Griswold,Culley,gculleyps@themeforest.net,Male,71.167.220.56
930,Rodolph,Bolte,rboltept@webs.com,Male,16.111.56.92
931,Elton,Impy,eimpypu@tuttocitta.it,Non-binary,163.210.231.109
932,Corina,Crowest,ccrowestpv@howstuffworks.com,Agender,176.86.50.21
933,Holly,Enric,henricpw@tripod.com,Male,38.122.201.205
934,Myrwyn,Ivanovic,mivanovicpx@ebay.co.uk,Male,209.190.24.125
935,Sheilah,Stiegars,sstiegarspy@dion.ne.jp,Female,172.48.172.200
936,Hildy,Hartright,hhartrightpz@dell.com,Female,161.147.236.59
937,Robbert,Bilbery,rbilberyq0@xrea.com,Male,245.169.99.200
938,Leila,Adriaens,ladriaensq1@liveinternet.ru,Female,248.195.150.45
939,Nisse,Belvard,nbelvardq2@geocities.com,Female,186.10.180.220
940,Gilbert,Lytle,glytleq3@surveymonkey.com,Male,168.151.243.59
941,Tommie,Tremathick,ttremathickq4@ibm.com,Male,23.252.128.123
942,Nels,Saxton,nsaxtonq5@imgur.com,Male,64.196.241.83
943,Katlin,Cumpton,kcumptonq6@utexas.edu,Female,29.80.253.244
944,Yelena,Froud,yfroudq7@alexa.com,Female,64.188.4.113
945,Sharona,Kupka,skupkaq8@nymag.com,Female,150.22.158.245
946,Sheridan,Furlonge,sfurlongeq9@e-recht24.de,Male,207.228.216.96
947,Wilmar,Satterthwaite,wsatterthwaiteqa@technorati.com,Male,116.173.174.15
948,Dorian,Langcastle,dlangcastleqb@apache.org,Male,11.206.123.17
949,Alair,Ellen,aellenqc@wikipedia.org,Male,245.99.226.73
950,Lena,O'Boyle,loboyleqd@hubpages.com,Female,98.255.198.70
951,Sebastiano,Burtwell,sburtwellqe@mail.ru,Male,23.255.196.19
952,Doll,Grahame,dgrahameqf@china.com.cn,Female,252.217.87.5
953,Arny,Brimson,abrimsonqg@google.it,Male,10.10.69.183
954,Sigmund,Samuel,ssamuelqh@t.co,Male,113.251.141.186
955,Pansie,Dumberell,pdumberellqi@fotki.com,Female,60.84.150.198
956,Billie,Miquelet,bmiqueletqj@163.com,Female,51.245.110.76
957,Krissy,Rayson,kraysonqk@pagesperso-orange.fr,Female,131.0.248.77
958,Halie,Sedgemond,hsedgemondql@google.com.br,Female,153.136.158.49
959,Zara,Dust,zdustqm@themeforest.net,Female,230.123.176.196
960,Dela,Eliez,deliezqn@comsenz.com,Female,210.19.61.14
961,Justina,Raund,jraundqo@furl.net,Female,174.164.43.129
962,Alf,Kubek,akubekqp@desdev.cn,Male,223.98.39.23
963,Nance,Clash,nclashqq@seesaa.net,Female,111.80.229.91
964,Gabriella,Lounds,gloundsqr@bravesites.com,Genderqueer,166.79.193.128
965,Guss,Duinkerk,gduinkerkqs@oracle.com,Male,65.136.17.208
966,Else,Hollow,ehollowqt@comcast.net,Female,235.195.17.228
967,Cody,Dignon,cdignonqu@merriam-webster.com,Male,189.141.160.203
968,Blakelee,Texton,btextonqv@fda.gov,Female,67.108.176.221
969,Dougy,Dell Casa,ddellcasaqw@harvard.edu,Male,109.97.104.245
970,Bartolomeo,Breslauer,bbreslauerqx@vkontakte.ru,Male,240.218.59.47
971,Marney,Voak,mvoakqy@mediafire.com,Female,186.110.246.51
972,Sax,Deville,sdevilleqz@123-reg.co.uk,Polygender,225.23.18.125
973,Shaun,Cyphus,scyphusr0@xing.com,Male,166.121.75.158
974,Polly,Abbess,pabbessr1@google.co.jp,Female,131.96.187.4
975,Giffie,Conklin,gconklinr2@cargocollective.com,Male,110.220.203.243
976,Donni,Schonfelder,dschonfelderr3@skyrock.com,Female,42.233.141.6
977,Ezequiel,Wanka,ewankar4@opensource.org,Male,96.244.207.131
978,Marlo,Roston,mrostonr5@fc2.com,Female,84.154.105.77
979,Addy,Cordeiro,acordeiror6@youtu.be,Male,224.33.198.225
980,Ailis,Etuck,aetuckr7@google.co.jp,Female,46.226.225.2
981,Debee,McGroarty,dmcgroartyr8@shareasale.com,Female,122.127.97.69
982,Peterus,Eslinger,peslingerr9@fema.gov,Male,14.75.110.209
983,Gerhardt,Brawn,gbrawnra@netscape.com,Male,194.123.203.84
984,Briant,Rounding,broundingrb@biblegateway.com,Male,201.209.82.192
985,Lillian,Sidnall,lsidnallrc@amazonaws.com,Female,236.220.94.4
986,Alasdair,Frenzel;,afrenzelrd@paginegialle.it,Male,158.137.197.192
987,Yolanthe,Clifford,ycliffordre@discuz.net,Female,154.150.90.226
988,Alisha,Tue,atuerf@baidu.com,Female,134.88.244.33
989,Cairistiona,Bedbury,cbedburyrg@apple.com,Female,10.150.231.232
990,Jaymie,Mewett,jmewettrh@intel.com,Male,199.213.249.242
991,Allistir,Dittson,adittsonri@bloomberg.com,Male,189.208.131.244
992,Linus,McAline,lmcalinerj@uol.com.br,Male,191.10.47.184
993,Lola,Gingles,lginglesrk@google.co.uk,Female,29.29.20.224
994,Rainer,Densell,rdensellrl@cyberchimps.com,Male,124.91.145.201
995,Ethelbert,Tumielli,etumiellirm@ifeng.com,Male,248.128.205.191
996,Aubrey,Umbers,aumbersrn@state.tx.us,Female,186.193.212.42
997,Helsa,Copelli,hcopelliro@odnoklassniki.ru,Female,47.251.195.1
998,Purcell,Claiden,pclaidenrp@delicious.com,Male,153.243.3.83
999,Berget,Fairley,bfairleyrq@github.com,Female,82.61.114.242
1000,Yvonne,Lorenzini,ylorenzinirr@phoca.cz,Female,130.168.249.39
